"Post ID","Page ID","Page name",Title,Description,"Duration (sec)","Publish time","Caption type",Permalink,"Is crosspost","Is share","Post type",Languages,"Custom labels","Funded content status","Data comment",Date,Views,Reach,"Reactions, Comments and Shares",Reactions,Comments,Shares,"Total clicks","Matched Audience Targeting Consumption (Photo Click)","Other Clicks","Link Clicks","Seconds viewed","Average Seconds viewed","Estimated earnings (USD)","Ad CPM (USD)","Ad impressions"
1567403641755081,100054563795107,"Almaíso Retreat Center","Some places do not ask us to become someone new.

They simply hold enough silence, beauty and care for us to find our way back.

Sometimes, healing begins with where we are.

—

Hay lugares que no nos piden convertirnos en alguien nuevo.

Solo sostienen el silencio, la belleza y el cuidado necesarios para que podamos volver a nosotros mismos.

A veces, sanar comienza por el lugar en el que estamos.

#retreatcenter #retreat","Some places do not ask us to become someone new.

They simply hold enough silence, beauty and care for us to find our way back.

Sometimes, healing begins with where we are.

—

Hay lugares que no nos piden convertirnos en alguien nuevo.

Solo sostienen el silencio, la belleza y el cuidado necesarios para que podamos volver a nosotros mismos.

A veces, sanar comienza por el lugar en el que estamos.

#retreatcenter #retreat",33,"08/07/2026 01:13",mixed,https://www.facebook.com/reel/1080155154957220/,1,0,Videos,,,,,Lifetime,143,46,2,2,0,0,1,,1,,863.695,8.813,0,0,0
1584691300026315,100054563795107,"Almaíso Retreat Center","Learning from living systems 🌱
From October 16 to 18, we’ll spend three days learning from the land with Juã Pereira, exploring regenerative agriculture, agroforestry and syntropic systems through theory, observation and hands-on practice.

We’ll look closely at how living systems are designed, established and cared for in the conditions of Tenerife, observing what is already growing and taking part in the creation of something new.

For us, regeneration begins here: with attention, knowledge, hands in the soil and a willingness to learn from what is alive. 

20 hours of training
October 16–18, 2026
€350 until September 10
€450 until October 10

Registrations via Onda Verde 

— 

Aprender con sistemas vivos 🌱
Del 16 al 18 de octubre pasaremos tres días aprendiendo de la tierra junto a Juã Pereira, explorando la agricultura regenerativa, la agroforestería y los sistemas sintrópicos a través de teoría, observación y práctica directa.

Nos acercaremos a cómo se diseñan, implantan y cuidan sistemas vivos adaptados a las condiciones de Tenerife, observando lo que ya está creciendo y participando en la creación de algo nuevo.

Para nosotros, la regeneración empieza aquí: con atención, conocimiento, las manos en la tierra y la disposición de aprender de lo que está vivo. 🌱

20 horas de formación
16–18 octubre 2026
350 € hasta el 10/09
450 € hasta el 10/10

Inscripciones a través de Onda Verde",,0,"08/27/2026 02:51",N/A,https://www.facebook.com/almaiso.tenerife/posts/pfbid02fCAxpEMn3q9QXk5V3SaHGLQVgSdd3AKWQayuRPFqZZjLSc5C8dM35HGwYTSStcS5l,0,0,Photos,,,,,Lifetime,37,22,2,2,0,0,3,2,1,,,,,,
1584689043359874,100054563795107,"Almaíso Retreat Center","Learning from living systems 🌱
From October 16 to 18, we’ll spend three days learning from the land with Juã Pereira, exploring regenerative agriculture, agroforestry and syntropic systems through theory, observation and hands-on practice.

We’ll look closely at how living systems are designed, established and cared for in the conditions of Tenerife, observing what is already growing and taking part in the creation of something new.

For us, regeneration begins here: with attention, knowledge, hands in the soil and a willingness to learn from what is alive. 

20 hours of training
October 16–18, 2026
€350 until September 10
€450 until October 10

Registrations via Onda Verde 

— 

Aprender con sistemas vivos 🌱
Del 16 al 18 de octubre pasaremos tres días aprendiendo de la tierra junto a Juã Pereira, explorando la agricultura regenerativa, la agroforestería y los sistemas sintrópicos a través de teoría, observación y práctica directa.

Nos acercaremos a cómo se diseñan, implantan y cuidan sistemas vivos adaptados a las condiciones de Tenerife, observando lo que ya está creciendo y participando en la creación de algo nuevo.

Para nosotros, la regeneración empieza aquí: con atención, conocimiento, las manos en la tierra y la disposición de aprender de lo que está vivo. 🌱

20 horas de formación
16–18 octubre 2026
350 € hasta el 10/09
450 € hasta el 10/10

Inscripciones a través de Onda Verde",,0,"08/27/2026 02:47",N/A,https://www.facebook.com/almaiso.tenerife/posts/pfbid04RpwZbazza6j2sN12uy4rJdMxfSCcax6Sm8V5ZVikVhAtoVKgQRsUkWmz3i8MeFEl,0,0,Photos,,,,,Lifetime,79,45,3,2,0,1,9,6,3,,,,,,
1583122590183186,100054563795107,"Almaíso Retreat Center","We’re allowed to imagine a future that feels good, too.

For us, that future is not something abstract.

It looks like hands in the soil.
Food growing close to home.
People learning from the land and from each other.
Trees planted with patience.
Meals shared.
Knowledge passed on.
A community slowly taking shape around care.

Almaíso Verde is one of the ways we are beginning to practice that future now.

Not as something finished, but as something living.
Something we are growing together.

🌱

—

También podemos imaginar un futuro que se sienta bien.

Para nosotros, ese futuro no es algo abstracto.

Se parece a manos en la tierra.
A alimentos creciendo cerca de casa.
A personas aprendiendo de la tierra y unas de otras.
A árboles plantados con paciencia.
A comidas compartidas.
A conocimientos que pasan de unas manos a otras.
A una comunidad que poco a poco toma forma alrededor del cuidado.

Almaíso Verde es una de las maneras en las que estamos empezando a practicar ese futuro desde ahora.

No como algo terminado, sino como algo vivo.
Algo que estamos cultivando juntos.","We’re allowed to imagine a future that feels good, too.

For us, that future is not something abstract.

It looks like hands in the soil.
Food growing close to home.
People learning from the land and from each other.
Trees planted with patience.
Meals shared.
Knowledge passed on.
A community slowly taking shape around care.

Almaíso Verde is one of the ways we are beginning to practice that future now.

Not as something finished, but as something living.
Something we are growing together.

🌱

—

También podemos imaginar un futuro que se sienta bien.

Para nosotros, ese futuro no es algo abstracto.

Se parece a manos en la tierra.
A alimentos creciendo cerca de casa.
A personas aprendiendo de la tierra y unas de otras.
A árboles plantados con paciencia.
A comidas compartidas.
A conocimientos que pasan de unas manos a otras.
A una comunidad que poco a poco toma forma alrededor del cuidado.

Almaíso Verde es una de las maneras en las que estamos empezando a practicar ese futuro desde ahora.

No como algo terminado, sino como algo vivo.
Algo que estamos cultivando juntos.",17,"08/25/2026 07:00",N/A,https://www.facebook.com/reel/1103752202325261/,1,0,Videos,,,,,Lifetime,344,249,1,1,0,0,2,,2,,1402.366,4.92,0,0,0
1579599417202170,100054563795107,"Almaíso Retreat Center","On 3 & 4 October, our land will take on a different rhythm.

Together with Co~Nectar • Conscious Festival Tenerife we’re co-creating Co~Nectar, two days for connection, expansion and discovery unfolding across the gardens and gathering spaces of Almaíso.

For this third edition, we’re especially honoured to welcome two international artists, Roaman and Nick Barbachano, bringing their music into the gathering alongside more than 30 facilitators and artists.

Across the weekend, we’ll move between workshops and talks, ceremonies, music, dance, shared meals and open spaces for rest and connection. Different practices, perspectives and ways of exploring will meet here, leaving each of us free to follow what resonates.

We’ll meet here, between mountain and sea, and see what unfolds.

3 & 4 October 2026
Almaíso · Tenerife
Programme & tickets at
www.theconsciousevents.com
Co~Nectar • Conscious Festival Tenerife 

—

El 3 y 4 de octubre, nuestra tierra tendrá un ritmo diferente.

Junto a Co~Nectar • Conscious Festival Tenerife co-creamos Co~Nectar, dos días de conexión, expansión y descubrimiento que se desplegarán entre los jardines y espacios de encuentro de Almaíso.

Para esta tercera edición, nos hace especial ilusión recibir a dos artistas internacionales, Roaman y Nick Barbachano, que traerán su música al encuentro junto a más de 30 facilitadores y artistas.

Durante el fin de semana, nos moveremos entre talleres y charlas, ceremonias, música, danza, comidas compartidas y espacios abiertos para descansar y conectar. Distintas prácticas, perspectivas y formas de explorar se encontrarán aquí, dejando que cada persona siga aquello que resuene con ella.

Nos encontraremos aquí, entre montaña y mar, y veremos qué surge.

3 y 4 de octubre de 2026
Almaíso · Tenerife
Programa y entradas en
www.theconsciousevents.com
Co~Nectar • Conscious Festival Tenerife 

#spiritualcommunity #tenerife #cousciousliving",,0,"08/21/2026 04:56",N/A,https://www.facebook.com/almaiso.tenerife/posts/pfbid0Q32oGk16GQLxjahS7msMfWLMRUcFp1BExEqrqgQGAKhqf46ebnWoCJCPK8xqh2rml,0,0,Photos,,,,,Lifetime,78,32,0,0,0,0,7,4,,3,,,,,
1578104354018343,100054563795107,"Almaíso Retreat Center","Casa Alvaro begins beneath a century-old pergola, where generations have passed before us. Beyond it, high ceilings, soft light and quiet corners hold the traces of the old finca.

We love this house for the way it feels: calm, intimate, unhurried. A place for slow mornings, shared meals, an afternoon with a book, or simply leaving the doors open and listening to the garden.

A small piece of Almaíso’s history, still being lived today. 🌿

—

Casa Alvaro comienza bajo una pérgola centenaria, por donde han pasado generaciones antes que nosotros. Al otro lado, techos altos, luz suave y rincones tranquilos conservan las huellas de la antigua finca.

Nos gusta esta casa por cómo se siente: serena, íntima, sin prisa. Un lugar para mañanas lentas, comidas compartidas, una tarde con un libro o simplemente dejar las puertas abiertas y escuchar el jardín.

Un pequeño fragmento de la historia de Almaíso que todavía sigue habitándose. 🌿

#casa #tenerife #concioustravel",,0,"08/19/2026 10:30",N/A,https://www.facebook.com/almaiso.tenerife/posts/pfbid0uUroa4Yi7NMCSYiQcvkPzdaCAPtcchnWBPQnPh8LXUWTceghViMivSQRiV19EUqQl,0,0,Photos,,,,,Lifetime,97,55,0,0,0,0,13,10,3,,,,,,
1576305717531540,100054563795107,"Almaíso Retreat Center","We’re looking for new talent. 🌿

As Almaíso continues to take shape, we’re looking for new people to become part of the team caring for everything that happens here, from our kitchen to the spaces where we gather.

We currently have three open positions in Tenerife:

🍹 Bar Manager
👨‍🍳 Sous Chef for our internal retreat restaurant
🍽️ Steward / Kitchen Cleaning Staff

We’re looking for people who bring experience, responsibility and care into their work, and who feel inspired to grow alongside a living project rooted in hospitality, land and community.

Know someone who could be a good fit? We’d love for you to share this post with them. 🤍

Discover the open positions and all the details in our WORK W/ US highlight.

—

Buscamos nuevo talento. 🌿

A medida que Almaíso sigue tomando forma, buscamos nuevas personas que quieran formar parte del equipo que cuida todo lo que sucede aquí, desde nuestra cocina hasta los espacios donde nos reunimos.

Actualmente tenemos tres vacantes abiertas en Tenerife:

🍹 Responsable de Bar
👨‍🍳 Sous Chef para nuestro restaurante interno de retiros
🍽️ Steward / Personal de limpieza de cocina

Buscamos personas que aporten experiencia, responsabilidad y cuidado a su trabajo, y que se sientan inspiradas por crecer junto a un proyecto vivo, conectado con la hospitalidad, la tierra y la comunidad.

¿Conoces a alguien que podría encajar? Nos encantará que compartas este post con esa persona. 🤍

Descubre las vacantes y todos los detalles en nuestro highlight WORK W/ US.",,0,"08/17/2026 08:20",N/A,https://www.facebook.com/almaiso.tenerife/posts/pfbid0E6BejV8cTQj6WJgtyzcPdMq3qd4p8RHcGK6CXQVTUMjoBTcJZWciuY9sACiBwevMl,0,0,Photos,,,,,Lifetime,90,53,1,1,0,0,8,5,3,,,,,,
1570992148062897,100054563795107,"Almaíso Retreat Center","Tomorrow, the light will change.
And for a few hours, we’ll listen to what emerges with it.

Inside our chapel, Saraï O’gara will guide us through an exploration of voice, resonance, improvisation and song, inspired by the solar eclipse passing over us on August 12.

A space to play, to listen, to make sound together and perhaps discover parts of our voice we don’t often hear.

We’ll close with a short sound healing session, allowing the voices to slowly return to silence.

August 12 · 19:30
Almaíso, Finca El Drago
€35
€30 when you come with a friend!

To reserve your place:
Saraï O'gara 
saraibarrancom@gmail.com

—

Mañana, la luz cambiará.
Y durante unas horas, escucharemos lo que aparece con ella.

En nuestra capilla, Saraï O’gara nos guiará en una exploración de la voz, la resonancia, la improvisación y el canto, inspirada por el eclipse solar del 12 de agosto.

Un espacio para jugar, escuchar, crear sonido juntos y quizá descubrir partes de nuestra voz que no solemos escuchar.

Cerraremos con una breve sesión de sound healing, dejando que las voces vuelvan poco a poco al silencio.

12 de agosto · 19:30
Almaíso, Finca El Drago
35€ 
30€ si vienes con un amigo

Reservas:
Saraï O'gara 
saraibarrancom@gmail.com",,0,"08/11/2026 06:46",N/A,https://www.facebook.com/almaiso.tenerife/posts/pfbid02W3JV14bKF6kPwRYDGDLtmViDb7sC7YpBzZFozm7YfT27hCu1QTPc4TzhpHHv6JvCl,0,0,Photos,,,,,Lifetime,72,47,0,0,0,0,2,2,,,,,,,
