"Post ID","Account ID","Account username","Account name",Description,"Duration (sec)","Publish time",Permalink,"Post type","Data comment",Date,Views,Likes,Shares,Comments,Saves,Reach,Follows
17866721421625418,17841467030991685,brahmakiyoga,"Brahmaki — Heart of Yoga","This is what a day in our teacher training looks like in @almaiso.tenerife 🇮🇨
And honestly, words don’t quite do it justice.

Jesper walks you through the rhythm of it in his own words: the morning practice, the study sessions, the moments in between where the real learning happens.

But what you’ll see is the part we love most. 
People sweating through sequences and then bursting out laughing. 
A sound bath that made the whole room go still. 
A tiny cat who showed up and never really left. 
The volcano in the background, always there. Adjustments that land exactly when you need them. And a closing ceremony that nobody wanted to end. 💗

This was our YTT community last November in Tenerife. We miss them already. 🌞

Thinking about a teacher training or retreat? Ask us anything in the comments 👇

📹 Video by @annesophieheist",111,"06/01/2026 01:08",https://www.instagram.com/reel/DZCS03zuzo0/,"IG reel",,Lifetime,4019,34,5,0,0,,
18036435320803481,17841462002176953,almaiso.tenerife,"Almaíso at Finca El Drago","Today we celebrate these islands. Their volcanic heart. Their silence. Their ancient memory carried by the wind. 

We remember the ancestral guardians of this land, and all the generations who kept the spirit of the Canary Islands alive through stories, music, food, care and community.

The Canary Islands have always been a meeting point. Of oceans. Of climates. Of people arriving from many parts of the world. 

And maybe this is part of their beauty: learning how to welcome without forgetting the roots that hold this land together.

We feel grateful to be guardians of this land.
Happy Canary Islands Day 🌿

—

Hoy celebramos estas islas. Su corazón volcánico. Su silencio. Su memoria ancestral llevada por el viento. 

Recordamos a los guardianes ancestrales de esta tierra, y a todas las generaciones que mantuvieron vivo el espíritu de Canarias a través de historias, música, comida, cuidado y comunidad.

Las Islas Canarias siempre han sido un punto de encuentro. De océanos. De climas. De personas que llegaron desde muchas partes del mundo. 

Y quizás esto es parte de su belleza: aprender a acoger sin olvidar las raíces que sostienen esta tierra.

Nos sentimos agradecidos de ser guardianes de esta tierra.
Feliz Día de Canarias 🌿
#almaisotenerife #diadacanarias #tenerife #retreatcenter",15,"05/30/2026 01:30",https://www.instagram.com/reel/DY9Max0sgjJ/,"IG reel",,Lifetime,863,41,4,1,0,584,0
18083040398393761,17841462002176953,almaiso.tenerife,"Almaíso at Finca El Drago","You wondered who cares for the land here: we do not do it alone!

There are many hands that arrive before the day begins, that meet the soil in silence, that listen before acting.

The garden you walk through has been tended with patience. The food forest slowly taking shape has been planted with intention. The paths that guide your steps have been placed, one by one.

This is not maintenance, it is a relationship.

When you arrive, you may see them, quietly moving through the space, hands in the soil, carrying the work that is not always visible, but always felt.

This is how we hold the land 🤎

—

Te preguntabas quién cuida la tierra aquí: ¡no lo hacemos solos!

Hay muchas manos que llegan antes de que comience el día, que se encuentran con el suelo en silencio, que escuchan antes de actuar.

El jardín por el que caminas ha sido cuidado con paciencia. El bosque de alimentos que poco a poco toma forma ha sido plantado con intención. Los caminos que guían tus pasos han sido colocados, uno a uno.

Esto no es mantenimiento, es una relación.

Cuando llegues, quizás los veas, moviéndose silenciosamente por el espacio, manos en la tierra, llevando el trabajo que no siempre es visible, pero siempre se siente.

Así es como sostenemos la tierra 🤎

#ConsciosCommunity #SlowLiving #ConexiónTierra #RetreatCenter",25,"05/27/2026 01:38",https://www.instagram.com/reel/DY1e7W3A7Il/,"IG reel",,Lifetime,1418,80,2,9,1,737,0
18104869819770719,17841462002176953,almaiso.tenerife,"Almaíso at Finca El Drago","Your nervous system notices everything.

The light that wakes you. The pace of your mornings. The way food arrives at your table. Whether you’re rushing or breathing. Whether the space around you feels safe enough to soften.

At Almaíso, every detail is designed with your regulation in mind. From the silence of the botanical garden to the rhythm of farm to table meals. From the textures of natural materials to the way time moves slower here.

This is not just a retreat center.
This is a place that feeds you, from soul to soil.

Where your body remembers it’s allowed to rest.
Where your nervous system gets to recalibrate.
Where regeneration, connection, and joy aren’t concepts. They’re what you feel in your bones.

Feed yourself with places that feel good to be in.

—

Tu sistema nervioso lo nota todo.

La luz que te despierta. El ritmo de tus mañanas. La forma en que la comida llega a tu mesa. Si estás corriendo o respirando. Si el espacio a tu alrededor se siente lo suficientemente seguro como para ablandarte.

En Almaíso, cada detalle está diseñado pensando en tu regulación. Desde el silencio del jardín botánico hasta el ritmo de las comidas de la tierra a la mesa. Desde las texturas de materiales naturales hasta la forma en que el tiempo se mueve más lento aquí.

Esto no es solo un centro de retiros.
Este es un lugar que te alimenta, del alma a la tierra.

Donde tu cuerpo recuerda que puede descansar.
Donde tu sistema nervioso se recalibra.
Donde regeneración, conexión y alegría no son conceptos. Son lo que sientes en los huesos.

Aliméntate de lugares que se sientan bien para estar.

#AlmaisoTenerife #RetreatCenter #ConsciousLiving #RegenerativeTravel",0,"05/21/2026 08:23",https://www.instagram.com/p/DYmwlkDjGLf/,"IG carousel",,Lifetime,941,39,3,5,1,369,0
18165116215438065,17841403214939900,nicolarohner.breathwork,"Nicola Rohner | high balance™ | Breathwork Ausbildung","Break Through Breathwork Healing Circle 🧡

Sometimes healing does not begin with doing more.
Sometimes it begins the moment you stop holding everything together.

The breath has a way of finding the places within us that have been waiting to be felt, released and remembered for a very long time.

In this high balance™ Breathwork Healing Circle we enter the body, the nervous system, the heart and the deeper layers beneath the mind.
Through Conscious Connected Breathwork, movement, sound, meditation and healing touch, old emotions, tension and inner pressure can begin to soften and move.

We do nit need to force this
We simply allowing life to flow again.

Breathing in this way means returning to what has always been there.
Underneath the control, the noise and the survival mode.

🫁 Breathwork Healing Circle @almaiso.tenerife ALMAISO – Finca el Drago, La Orotava, Tenerife
⏰ Sa, 23rd of May, 10:30 – 12:30

Come as you are.
Begin to breathe again.
Begin to feel again and be real again.

🧡 Stop being better and begin to be real!

⬆️ Link in Bio/ Linktree 

#breathwork #consciousconnectedbreathing #tenerife #healingcircle #nervoussystemhealing #highbalance #breathworkhealing #innerhealing #selfhealing #embodiment #breathworktenerife #spiritualgrowth #traumainformed #letgo",14,"05/18/2026 05:01",https://www.instagram.com/reel/DYeqw6MtIAg/,"IG reel",,Lifetime,324,4,1,0,0,,
18111849652860191,17841462002176953,almaiso.tenerife,"Almaíso at Finca El Drago","As retreat leaders, you carry so much.
The vision.
The group.
Their questions, and their hope that this week will be different.
So the place matters.
At Almaíso, we hold the space around your work with care, with beauty, with nature, and with quiet supports, you can stay present with what you came here to offer.
A meaningful retreat is guided and held. We are here to help hold it with you. 🌿

— 

Como facilitadores, cargáis con mucho.
La visión.
El grupo.
Sus preguntas, y su esperanza de que esta semana sea diferente.
Por eso el lugar importa.
En Almaíso, sostenemos el espacio alrededor de vuestro trabajo con cuidado, con belleza, con naturaleza y con apoyo discreto para que podáis permanecer presentes con lo que vinisteis a ofrecer.
Un retiro con sentido se guía y se sostiene. Estamos aquí para sostenerlo con vosotros. 🌿

#almaisotenerife #retreatleaders #retreatcenter #holdingspace #consciousretreat",12,"05/13/2026 03:37",https://www.instagram.com/reel/DYRpXWEs490/,"IG reel",,Lifetime,1319,23,4,3,1,822,1
18079618049556384,17841462002176953,almaiso.tenerife,"Almaíso at Finca El Drago","You wondered what it feels like here.

@fromwithin.aga speaks of what the space made possible while hosting her retreat at Almaíso, bringing her group from London to Tenerife:
a softening into yourself,
a comfort that invites surrender,
a beauty that asks nothing but allows everything.

The land holds you.
The silence makes room.
The retreat you came to lead becomes the retreat you needed.

We tend this place so you can arrive without guarding. We hold the space so your people can open without hesitation.

If you are holding space for others and seeking a place that will hold space for you, we are here 💚
—
Te preguntabas cómo se siente estar aquí.

@fromwithin.aga habla de lo que el espacio hizo posible al liderar su retiro en Almaíso, trayendo su grupo desde Londres a Tenerife:
un ablandamiento hacia ti mismo,
una comodidad que invita a la entrega,
una belleza que no pide nada pero permite todo.

La tierra te sostiene.
El silencio hace espacio.
El retiro que viniste a liderar se convierte en el retiro que necesitabas.

Cuidamos este lugar para que puedas llegar sin protegerte. Sostenemos el espacio para que tu gente pueda abrirse sin dudarlo.

Si estás sosteniendo espacio para otros y buscas un lugar que sostenga espacio para ti, estamos aquí 💚

#almaisotenerife #retreatcenter #yogaretreat #conscioustravel",29,"05/09/2026 03:01",https://www.instagram.com/reel/DYHSAu9gDhm/,"IG reel",,Lifetime,1640,56,1,1,0,953,1
18559635160064640,17841462002176953,almaiso.tenerife,"Almaíso at Finca El Drago","Behind Almaíso, there is Alex.

An entrepreneur, a father, and someone who chose to follow a quieter kind of vision.

What began as a personal connection to this place slowly became something that wanted to grow.

A space not only to host retreats, but to explore how land, people, and ideas can come together in a more conscious way.

Between time spent here with his family, and the rhythm of daily life on the finca, a question started to take form:

What does it mean to create a place
that truly holds people?

From that question, Almaíso continues to unfold.

Not as something finished,
but as a living project
rooted in regeneration, connection,
and the simple joy of being together.

If you feel aligned with this vision,
we would love to hear from you. 🌿

—

Detrás de Almaíso, está Alex.

Emprendedor, padre, y alguien que eligió seguir una visión más silenciosa.

Lo que comenzó como una conexión personal con este lugarpoco a poco se transformó en algo que quería crecer.

Un espacio no solo para acoger retiros,
sino para explorar cómo la tierra, las personas y las ideas pueden encontrarse de una forma más consciente.

Entre el tiempo compartido aquí con su familia y el ritmo de la vida cotidiana en la finca, una pregunta comenzó a tomar forma:

¿Qué significa crear un lugar
que realmente sostenga a las personas?

Desde esa pregunta, Almaíso sigue desplegándose.

No como algo terminado,
sino como un proyecto vivo
enraizado en la regeneración, la conexión
y la alegría simple de estar juntos.

Si sientes afinidad con esta visión,
nos encantará escucharte. 🌿

#retreatcenter #retreat",0,"05/04/2026 04:48",https://www.instagram.com/p/DX6maCbDJh8/,"IG carousel",,Lifetime,2365,71,5,7,2,764,1
18116055883741510,17841462002176953,almaiso.tenerife,"Almaíso at Finca El Drago","Welcome to Casa Julian.

Tucked within the palm garden, this home rests quietly, open to the light from every side.

With 69 sqm of space and two rooms, it offers a gentle balance between togetherness and privacy, often chosen by couples and small families.

Recently renewed, its spaces carry a soft meeting between simplicity and comfort, where everything feels lived, yet at ease.

Like all the homes at Almaíso, it holds what is needed for daily life, while inviting something beyond it.

A place to slow down,
gather under the palms,
and return,
naturally,
to a deeper connection with the land.

—

Bienvenidos a Casa Julian.

Escondida entre el jardín de palmeras, esta casa descansa en calma, abierta a la luz desde todos sus lados.

Con 69 m² de espacio y dos habitaciones, ofrece un equilibrio suave entre encuentro e intimidad, elegida muchas veces por parejas y pequeñas familias.

Recientemente renovada, sus espacios guardan un encuentro sutil entre simplicidad y confort, donde todo se siente habitado, y al mismo tiempo en calma.

Como todas las casas de Almaíso, sostiene lo necesario para la vida cotidiana, mientras abre la puerta a algo más.

Un lugar para desacelerar,
reunirse bajo las palmeras,
y volver,
de forma natural,
a una conexión más profunda con la tierra.

#retreat #retreatcenter",26,"05/02/2026 03:15",https://www.instagram.com/reel/DX1R5YAMNzw/,"IG reel",,Lifetime,868,43,0,1,0,537,0
18102706687947786,17841462002176953,almaiso.tenerife,"Almaíso at Finca El Drago","Not so far from Europe,
there is an island.

A place where the weather softens,
where the land moves between ocean and volcano,
and where something in us begins to slow down.

For a long time,
we have looked far away for these kinds of experiences.
To places that feel distant, unknown, almost mythical.

And yet,
sometimes what we are seeking
is closer than we think.

Tenerife,
in the Canary Islands, Spain,
holds a quiet kind of magic.

Not loud,
not obvious,
but something you feel
when you give it time.

Perhaps it is not about going further.
But about arriving differently 🌿

—

No tan lejos de Europa,
hay una isla.

Un lugar donde el clima se suaviza,
donde la tierra se mueve entre océano y volcán,
y donde algo en nosotros comienza a desacelerar.

Durante mucho tiempo,
hemos buscado este tipo de experiencias lejos.
En lugares que se sienten distantes, desconocidos, casi míticos.

Y sin embargo,
a veces lo que buscamos
está más cerca de lo que pensamos.

Tenerife,
en las Islas Canarias, España,
guarda una magia silenciosa.

No es ruidosa,
no es evidente,
pero es algo que se siente
cuando le das tiempo.

Quizá no se trata de ir más lejos.
Sino de llegar de otra manera. 🌿

#Tenerife #retreatcenter #canaryislands #retreattenerife",0,"04/28/2026 09:28",https://www.instagram.com/p/DXrpsBgDen4/,"IG carousel",,Lifetime,1728,70,9,4,1,649,0
17969786031023289,17841458665026585,the.conscious.events,"Co~Nectar • Conscious Festival Tenerife","A new space is opening ✨

On October 3–4, 2026, Co~Nectar returns.

A weekend to come together, slow down, and reconnect — with yourself and with others 🌀

Through different workshops and experiences, you are invited to explore new ways of being, moving, feeling, and connecting.

You choose your own path across the weekend.
No experience needed. Just curiosity.
Different paths. One shared space.

We look forward to welcoming you.",94,"04/26/2026 03:27",https://www.instagram.com/reel/DXl2a2zCANL/,"IG reel",,Lifetime,1973,90,72,6,0,,
18216679063319371,17841462002176953,almaiso.tenerife,"Almaíso at Finca El Drago","Earth Day.

For many, it’s a reminder.
For us, it’s a daily practice.

Through Almaíso Verde,
we are learning how to build a real relationship with the land
one that takes time, presence, and care.

Not something we speak about,
but something we do.

In the hands that plant.
In the patience it requires.
In the quiet understanding that growth cannot be rushed.

And slowly, this relationship expands.

From soil,
to food,
to the way we gather.

Our intention is to nourish this connection further
through a farm to table restaurant,
where what grows from the land
returns to the body.

For the community,
and for those who arrive here.

What we give to the earth
returns.

And maybe it is simple
what receives care
grows.

—

Día de la Tierra.

Para muchos, es un recordatorio.
Para nosotros, es una práctica diaria.

A través de Almaíso Verde,
estamos aprendiendo a construir una relación real con la tierra,
una que requiere tiempo, presencia y cuidado.

No es algo de lo que hablamos,
sino algo que hacemos.

En las manos que plantan.
En la paciencia que exige.
En la comprensión silenciosa de que el crecimiento no se puede apresurar.

Y poco a poco, esta relación se expande.

De la tierra,
a la comida,
a la forma en que nos reunimos.

Nuestra intención es seguir nutriendo esta conexión
a través de un restaurante de la tierra a la mesa,
donde lo que crece en la tierra
regresa al cuerpo.

Para la comunidad,
y para quienes llegan aquí.

Lo que damos a la tierra
vuelve.

Y quizá es simple:
lo que recibe cuidado
crece. 🌿
#earthday #farmtotable #organicfood #regeneration",35,"04/22/2026 04:00",https://www.instagram.com/reel/DXbnawaAwiM/,"IG reel",,Lifetime,2414,134,17,8,4,1470,3
17915361006357295,17841462002176953,almaiso.tenerife,"Almaíso at Finca El Drago","Almaíso is a paradise for the soul.

A place where retreats unfold with intention,
and the land gently becomes part of the experience.

A place where retreats unfold with the intention of creating more sustainable and conscious tourism, where the land gently becomes part of the experience. 

Through our regeneration project, Almaíso Verde, we give back to the land and contribute to the quiet restoration of the soil. What was once planted as a seed in the soil can later nourish your body in our soon-to-open farm-to-table restaurant.

Everything here is rooted in three intentions:
regeneration, connection, and expansion in joy.

They shape how we care for the land,
how we welcome people,
and how each experience unfolds.

The beauty of the place softens the body.
The people you meet share a similar rhythm.
And the nature that holds it all becomes part of the journey.

More than a retreat center, Almaíso is a living project, rooted in community.

If you have been here before, your voice means a lot to us. What did Almaíso awaken in you? ✨",58,"04/15/2026 10:10",https://www.instagram.com/reel/DXKP3WXjD4Q/,"IG reel",,Lifetime,2867,128,15,20,5,1623,11
18575560480010427,17841462002176953,almaiso.tenerife,"Almaíso at Finca El Drago","Long before Almaíso’s vision was born,
there was someone already caring for this place.

Her name is Maria. Born in La Orotava, deeply rooted in this land, she carries the history of the finca within her.
Long before Almaíso began, her family cared for this place — and today, she continues that legacy with quiet devotion.

She holds the spaces,
cares for every detail,
and brings warmth, stability, and heart into everything she does.

Maria is not just part of Almaíso,
she is its grounding.

We are deeply grateful to walk this path with her.

🤍

—

Mucho antes de que naciera la visión de Almaíso, ya había alguien cuidando este lugar.

Ella es María. Nacida en La Orotava, profundamente conectada a esta tierra, lleva la historia de la finca dentro de sí.

Su familia vivió aquí durante años, cuidando cada rincón — y su madre le transmitió ese legado, junto con la responsabilidad de mantener y preservar este lugar tan especial.

Hoy, María continúa ese camino con dedicación y cariño.

Cuida los espacios, mantiene vivas las casas y su esencia, y valora cada detalle — desde lo más pequeño hasta lo más antiguo.
Tiene un amor especial por la naturaleza, su familia y su perro, y por todo aquello que forma parte del alma de la finca.

Siempre está ahí cuando se la necesita,
aportando apoyo, cercanía y una energía que sostiene a todo el equipo.

María no es solo parte de Almaíso,
es su raíz.

Estamos profundamente agradecidos de compartir este camino con ella.

🤍

#almaiso #fincaeldrago #comunidad #community",0,"04/07/2026 07:00",https://www.instagram.com/p/DW1UEB2jFYE/,"IG carousel",,Lifetime,1335,52,0,10,0,446,0
18082954625059866,17841462002176953,almaiso.tenerife,"Almaíso at Finca El Drago","There’s something nature never gets wrong: its cycles. 🌿

Today, this reminder comes through Mirjam, our land steward, and her gentle presence and a gaze that sees beyond the surface

When I asked her what nature has taught her, the answer was simple, yet profound:
patience.

To understand that there are winters.
Slower, quieter phases, sometimes even a little heavy.

And still, to trust that after them, life blooms again.

A spiritual reminder:
not everything needs to happen now.
Not everything needs to be in full color all the time.

There is wisdom in retreat.
There is purpose in waiting.

Just like nature, you are always in the process of becoming.

Trust your cycle. 🌸

—

Hay algo que la naturaleza nunca se equivoca: sus ciclos. 🌿

Hoy, este recordatorio llega a través de Mirjam, una de las personas que cuidan esta tierra,
con su presencia serena y una mirada que va más allá de la superficie.

Cuando le pregunté qué le ha enseñado la naturaleza,
la respuesta fue simple, pero profunda:
la paciencia.

Entender que hay inviernos.
Fases más lentas, más silenciosas, a veces incluso un poco pesadas.

Y aun así, confiar en que después de ellas, la vida vuelve a florecer.

Un recordatorio espiritual:
no todo tiene que suceder ahora.
No todo tiene que estar en pleno color todo el tiempo.

Hay sabiduría en retirarse.
Hay propósito en esperar.

Igual que la naturaleza,
siempre estás en proceso de convertirte en quien eres.

Confía en tu ciclo. 🌸",18,"04/02/2026 09:17",https://www.instagram.com/reel/DWorq51DAXj/,"IG reel",,Lifetime,1044,39,0,1,1,634,0
17983074782994829,17841462002176953,almaiso.tenerife,"Almaíso at Finca El Drago","Casas of Almaíso 🤍
Welcome to our collection of homes, ready to host your retreat guests.
Here, they can step away from the busy world,
breathe deeply, and reconnect with themselves.
A true paradise for the soul, surrounded by the stunning nature of Almaíso.

From cozy 69 m² apartments
to expansive 550 m² villa,
we can support retreats of different sizes and needs.

You hold the space, we hold the home ✨

—

Casas de Almaíso 🤍
Bienvenidos a nuestra colección de casas, listas para recibir a los huéspedes de tu retiro.
Aquí pueden alejarse del ritmo del mundo,
respirar profundamente y reconectar consigo mismos.
Un verdadero paraíso para el alma, rodeado de la impresionante naturaleza de Almaíso.

Desde acogedores apartamentos de 69 m²
hasta una amplia villa de 550 m²,
podemos acoger retiros de diferentes tamaños y necesidades.

Tú sostienes el espacio, nosotros sostenemos el hogar ✨

#retreatcenter #retreat #tenerife #teneriffa",32,"03/29/2026 10:00",https://www.instagram.com/reel/DWedjzQALrB/,"IG reel",,Lifetime,1122,54,2,2,7,687,0
18062813882439236,17841462002176953,almaiso.tenerife,"Almaíso at Finca El Drago","There is a different kind of ease
when you arrive somewhere and feel supported:

The beauty of the land,
the care of the team,
and the peace of mind it brings
when you don’t have to hold everything alone.

For retreat leaders like @designeduli 
this changes the way everything unfolds.

A space that supports you,
so you can fully hold others.

Thank you, Uli,
for sharing what it feels like
to lead from the heart here.

If you feel the call to host here,
we are here to receive it with you.

—

Hay una forma distinta de estar
cuando llegas a un lugar y te sientes sostenido:

La belleza del entorno,
el cuidado del equipo,
y la tranquilidad mental que surge
cuando no tienes que sostenerlo todo solo.

Para facilitadores como @designeduli 
esto cambia la forma en que todo se desarrolla.

Un espacio que te sostiene,
para que tú puedas sostener a otros.

Gracias, Uli,
por compartir lo que se siente
liderar desde el corazón aquí.

Si sientes el llamado a crear aquí,
estamos para recibirlo contigo.

#retreat #retreatcenter #retreatleader #canaryisland",36,"03/25/2026 05:09",https://www.instagram.com/reel/DWToty_DBXP/,"IG reel",,Lifetime,1127,28,1,7,0,667,0
17849955579661072,17841462002176953,almaiso.tenerife,"Almaíso at Finca El Drago","The Spring Equinox is here, a moment when day and night are equal and the earth begins to bloom again 🌕 ☀️

This is a gentle invitation to pause, reflect and realign
Notice what is ending, what is emerging and what you are ready to nurture 🌱

Take a few quiet moments to reflect:
What do I want to release?
What new intentions or seeds do I want to plant?
How can I nurture connection with myself, others and the world around me?

As the season unfolds, may you trust the timing of your growth, honor your roots and allow new beginnings to arrive with ease 🌸

—

La Equinoccio de Primavera ya está aquí, un momento en el que el día y la noche están en equilibrio y la tierra comienza a florecer de nuevo 🌕 ☀️

Esta es una suave invitación a pausar, reflexionar y realinearte.
Observa qué está llegando a su fin, qué está emergiendo y qué estás listo/a para nutrir 🌱

Tómate unos momentos de calma para reflexionar:
¿Qué quiero soltar?
¿Qué nuevas intenciones o semillas quiero plantar?
¿Cómo puedo nutrir la conexión conmigo, con los demás y con el mundo que me rodea?

A medida que la temporada se despliega, que puedas confiar en el ritmo de tu crecimiento, honrar tus raíces y permitir que nuevos comienzos lleguen con suavidad 🌸

#spring #springequinox #vernalequinox",0,"03/18/2026 10:28",https://www.instagram.com/p/DWCL_7GDB7e/,"IG carousel",,Lifetime,783,16,1,0,1,337,0
18114667510711022,17841462002176953,almaiso.tenerife,"Almaíso at Finca El Drago","It is no coincidence that Tenerife is Almaíso’s home.
This island is not just beautiful; it is alive.

Water. Fire. Air. Earth. An island shaped by every force that creates life.

With eternal spring, every season becomes the perfect time to arrive.

Can you feel its power too? ✨

—

No es casualidad que Tenerife sea el hogar de Almaíso.
Esta isla no solo es hermosa; está viva.

Agua. Fuego. Aire. Tierra. Una isla moldeada por cada fuerza que crea la vida.

Con una primavera eterna, cada estación se convierte en el momento perfecto para llegar.

¿Puedes sentir su poder también? ✨

#tenerife #teneriffe #canaryislands",0,"03/15/2026 09:44",https://www.instagram.com/p/DV6YhLtjIoj/,"IG carousel",,Lifetime,1469,63,0,4,5,657,1
17984828393793647,17841462002176953,almaiso.tenerife,"Almaíso at Finca El Drago","In Almaíso, everything begins with the land.

Almaíso Verde is our permaculture and agroforestry project, a living effort to restore the vitality of this place and grow food in harmony with nature. Instead of extracting from the soil, we learn to listen to its rhythms, planting diversity and allowing the ecosystem to slowly regenerate.

Seeds, trees and vegetables are finding their place here again, guided by patience, care and deep respect for the natural cycles of the earth.

This is a long journey, unfolding season by season.

In this way, the land guides us toward a more conscious way of living and welcoming those who come here.

Little by little, the forest returns. 🌱

—

En Almaíso, todo comienza con la tierra.

Almaíso Verde es nuestro proyecto de permacultura y agroforestería, un esfuerzo vivo para restaurar la vitalidad de este lugar y cultivar alimentos en armonía con la naturaleza. En lugar de extraer de la tierra, aprendemos a escuchar sus ritmos, plantando diversidad y permitiendo que el ecosistema se regenere lentamente.

Semillas, árboles y hortalizas están encontrando nuevamente su lugar aquí, guiados por la paciencia, el cuidado y un profundo respeto por los ciclos naturales de la tierra.

Este es un viaje largo, que se despliega temporada tras temporada.

De esta manera, la tierra nos guía hacia una forma más consciente de vivir y de acoger a quienes llegan hasta aquí.

Poco a poco, la naturaleza regresa. 🌱
#permaculture #agroforestería #agroforest #sustainable",59,"03/10/2026 11:10",https://www.instagram.com/reel/DVtqRoLDHfv/,"IG reel",,Lifetime,2711,106,21,22,9,1621,5
17989408478775872,17841460595840005,fromwithin.aga,"Aga • Yoga, Inner Work & Retreats","This Easter join me on journey through 7 chakras: yoga & adventure retreat. 

Space where there are no expectations, pressure, where you can simply be! 

Hosted in beautiful finca @almaiso.tenerife 

4 spots left 

Take that break for yourself that you really deserve to reconnect from within 🤍

Comment for more info

Videos by @almaiso.tenerife 

#retreat #yogaretreat #teneriferetreat #yogabreak #spacetobe",27,"03/08/2026 13:56",https://www.instagram.com/reel/DVozw7QiPB1/,"IG reel",,Lifetime,1151,17,3,1,0,,
18091105061151588,17841462002176953,almaiso.tenerife,"Almaíso at Finca El Drago","Today we honor the power of women gathering.

When women come together in presence, something subtle yet powerful begins to unfold. A space where we can feel safe, seen and heard.

At Almaíso, many of the spaces we hold are shaped by women guiding, sharing and supporting one another.

In a world that often feels uncertain, these moments of connection remind us that trust, care and sisterhood can still grow.

Happy International Women’s Day. 🌿

— 

Hoy honramos el poder de las mujeres que se reúnen.

Cuando las mujeres se encuentran en presencia, algo sutil y poderoso comienza a desplegarse. Un espacio donde podemos sentirnos seguras, vistas y escuchadas.

En Almaíso, muchos de los espacios que sostenemos están guiados y moldeados por mujeres que comparten, acompañan y se apoyan mutuamente.

En un mundo que a menudo se siente incierto, estos momentos de conexión nos recuerdan que la confianza, el cuidado y la hermandad aún pueden crecer.

Feliz Día Internacional de la Mujer. 🌿
#8m #8marzo #womensupportingwomen",0,"03/08/2026 03:50",https://www.instagram.com/p/DVnudqKDCcN/,"IG carousel",,Lifetime,2682,63,7,4,1,1126,0
18146612347415869,17841462002176953,almaiso.tenerife,"Almaíso at Finca El Drago","Behind Almaíso stands Stefan, entrepreneur, father, and the visionary guiding this project.

After founding several companies and working in the film industry, his path took a new direction while living in Tenerife with his family. Time spent on the land at Finca El Drago opened a deeper question: how can tourism, agriculture, and community come together in a more conscious way?

From that experience, Almaíso began to take shape. A place where people reconnect with nature, where food grows from living soil, and where community creates space for meaningful encounters and moments of true joy.

If you feel called to create retreats rooted in these values, we would love to hear from you. 🌿

—

Detrás de Almaíso está Stefan, emprendedor, padre y la mente visionaria que guía este proyecto.

Después de fundar varias empresas y trabajar en la industria del cine, su camino tomó una nueva dirección mientras vivía en Tenerife con su familia. El tiempo que pasó en la tierra de Finca El Drago despertó una pregunta más profunda: ¿cómo pueden el turismo, la agricultura y la comunidad unirse de una manera más consciente?

A partir de esa experiencia, Almaíso empezó a tomar forma. Un lugar donde las personas reconectan con la naturaleza, donde los alimentos crecen en suelo vivo y donde la comunidad crea espacio para encuentros significativos y momentos de verdadera alegría.

Si sientes el llamado de crear retiros basados en estos valores, nos encantará escucharte. 🌿
#retreatcenter #retreat #fincaeldrago",0,"03/06/2026 09:11",https://www.instagram.com/p/DVjQhgvDJ4Z/,"IG carousel",,Lifetime,1866,61,1,9,1,612,1
18123209398585286,17841462002176953,almaiso.tenerife,"Almaíso at Finca El Drago","A space to soften. A space to restore. 

Just beside the shala, two serene treatment rooms await you, quiet sanctuaries where skilled hands and intuitive care invite you to slow down and return to yourself. 

In collaboration with our wonderful treatment partner, we offer a selection of massages and therapies designed to support your body, calm your nervous system, and deepen your retreat experience. 

Whether you’re joining us for a retreat or staying with us individually, we invite you to explore the treatments available and choose what feels right for you. Reach out to receive our full offer and let your stay become even more nourishing. ✨

—

Un espacio para suavizar. Un espacio para restaurar.

Justo al lado de la shala, dos serenas salas de tratamiento te esperan: pequeños santuarios de calma donde manos expertas y un cuidado intuitivo te invitan a bajar el ritmo y volver a ti.

En colaboración con nuestro maravilloso partner de tratamientos, ofrecemos una selección de masajes y terapias diseñadas para apoyar tu cuerpo, calmar tu sistema nervioso y profundizar tu experiencia de retiro.

Ya sea que te unas a uno de nuestros retiros o que te alojes con nosotros de forma individual, te invitamos a explorar los tratamientos disponibles y elegir lo que sientas que necesitas.

Contáctanos para recibir nuestra oferta completa y permitir que tu estancia sea aún más nutritiva. ✨

#retreatcenter #retreat #massagetherapist #tenerife",32,"03/05/2026 10:47",https://www.instagram.com/reel/DVg2o_8jDG2/,"IG reel",,Lifetime,573,23,0,1,0,367,0
18101189554915531,17841453062216232,ahoraliving,"AHORA - THE ART OF LIVING","Our Full Moon Celebration yesterday was a magical evening full of laughter, connection and aliveness. ✨ 

🪶 Purifying ritual to clear space inviting Virgo energy 
🌺 Red tones to honor the Blood Full Moon 
🍫 Sacred cacao that we could not get enough of 
🎶 Medicine music that touched us deeply 
💃🏻 Ecstatic dance so lit up everyone asking for the set 
🧘🏻‍♀️ Soothing sound journey to integrate the moved energy

Thank you @yogalibre___ for sharing your heart with us. All the best luck for your tour. 

Our next event 1.4.26 - the last one before the summer break at @almaiso.tenerife .

Something really special is brewing… ✨

#consciousliving #tenerife #conscioustenerife #fullmoon",11,"03/04/2026 01:44",https://www.instagram.com/reel/DVdSRvHCPDI/,"IG reel",,Lifetime,1121,23,2,4,0,,
18084840842223942,17841403214939900,nicolarohner.breathwork,"Nicola Rohner | high balance™ | Breathwork Ausbildung","Hello beautiful souls 🌿- living in Tenerife 

A new in person Breathwork Cycle is about to come - 

⏰This Saturday, 7th March in 📍the beautiful space @almaiso.tenerife from 10:30 to 12:30.

Breakthrough is a monthly Healing Circle — a gentle, breath-led journey to release, reconnect, and come back to inner clarity. 🙌

A space to slow down, regulate the nervous system, and restore balance through grounded breathwork in the spirit of high balance™️.

Held with the intention of supporting your personal healing while also contributing to the wider collective field.

You feel the call?
☝️Link im Linktree, in Bio 

#breathwork
#bewusstsein
#mindbodyconnection
#innerclarity
#selfhealingjourney
#presence
#healingenergy
#innerpeace",22,"03/02/2026 08:09",https://www.instagram.com/reel/DVY108WjS2J/,"IG reel",,Lifetime,365,4,1,0,0,,
17857961118565033,17841453062216232,ahoraliving,"AHORA - THE ART OF LIVING","This is how we roll… 🌕🐺

Will you join us upcoming Tuesday?

All details linked in bio! 🔗

#fullmoonceremony #tenerife #conscioustenerife",87,"02/27/2026 04:10",https://www.instagram.com/reel/DVQsKXyCKmj/,"IG reel",,Lifetime,2639,66,6,10,0,,
17872215822550041,17841462002176953,almaiso.tenerife,"Almaíso at Finca El Drago","INTERNATIONAL WOMEN’S DAY - CHARITY EVENT
with Simona & Anne-Lise

An afternoon where we rise together and uplift women beyond our circle.

Through somatic practices and vocal activation, you are invited to reclaim your power, liberate your body and free your voice. @anneliseanicka voice healer and guide, gently leads you back to sovereignty through intuitive singing and embodied expression.

We gather in sisterhood and close with Indian chai and a women’s circle, sharing our lived wisdom and empowerment tools.

All proceeds go directly to Flor di Loto Foundation, supporting women in India on their path to independence through.

By women. For women.
Women rising for women.

📍 Finca El Drago
🗓 March 8 · 2–5pm
🎟 Entry by donation

Please reserve your spot via @somatic_healing_alchemy 

—

DÍA INTERNACIONAL DE LA MUJER · EVENTO SOLIDARIO
con Simona & Anne-Lise

Una tarde para elevarnos juntas y apoyar a mujeres más allá de nuestro círculo.

A través de prácticas somáticas y activación vocal, estás invitada a reconectar con tu poder, liberar tu cuerpo y abrir tu voz. @anneliseanicka sanadora y guía de la voz, te acompaña suavemente de regreso a tu soberanía mediante el canto intuitivo y la expresión encarnada.

Nos reunimos en hermandad y cerramos con chai indio y un círculo de mujeres, compartiendo nuestra sabiduría vivida y herramientas de empoderamiento.

Todos los beneficios serán destinados directamente a la Fundación Flor di Loto, apoyando a mujeres en India en su camino hacia la independencia.

Por mujeres. Para mujeres.
Mujeres elevando a mujeres.

📍 Finca El Drago
🗓 8 de marzo · 14:00–17:00
🎟 Entrada mediante donación

Reserva tu plaza a través de @somatic_healing_alchemy 

#womensupportwomen #womensday #8m #voicehealing #tenerife",0,"02/26/2026 06:16",https://www.instagram.com/p/DVOWGsojNDC/,"IG carousel",,Lifetime,1474,31,5,5,3,579,1
18342750316211102,17841462002176953,almaiso.tenerife,"Almaíso at Finca El Drago","Almaíso is built by many hands.

Every corner you see,
every garden path,
every stone, every flower, every space carries the touch of our community.

This land has been shaped by people who care.
By those who plant, restore, clean, cook, hold circles, share music, build with intention.

When you walk through this land, you are walking through the devotion of a community that believes in regeneration, connection and shared creation. 🌿

—

Almaíso está construido por muchas manos.

Cada rincón que ves,
cada sendero del jardín,
cada piedra, cada flor, cada espacio lleva el toque de nuestra comunidad.

Esta tierra ha sido moldeada por personas que cuidan.
Por quienes plantan, restauran, limpian, cocinan, sostienen círculos, comparten música y construyen con intención.

Cuando caminas por esta tierra, estás caminando a través de la devoción de una comunidad que cree en la regeneración, la conexión y la creación compartida. 🌿
#retreatcenter #retreat #retreatleaders #tenerife",31,"02/24/2026 10:04",https://www.instagram.com/reel/DVJmIdODOpk/,"IG reel",,Lifetime,1900,45,2,9,1,1182,0
18093848926821722,17841462002176953,almaiso.tenerife,"Almaíso at Finca El Drago","WILD FEMININE RETREAT with @thewildfem 
A journey to feel safe, sacred and at home in your body.

Held in sisterhood, this retreat invites you to gently reclaim the parts of your feminine that were once called “too much.” Through embodied practices and conscious exploration, you are supported to release shame, reconnect with your boundaries and deepen your sense of self-trust.

You leave feeling grounded in your body, confident in your voice and open to receive love and intimacy with greater presence and depth.

📍 Almaíso · Tenerife
🗓 March 26–30, 2026
🎟 Limited spots available

Please register via @thewildfem or visit thewildfem.com/retreat

—

WILD FEMININE RETREAT con @thewildfem 
Un viaje para sentirte segura, sagrada y en casa en tu propio cuerpo.

Sostenido en hermandad, este retiro te invita a recuperar con suavidad las partes de tu femenino que alguna vez fueron llamadas “demasiado”. A través de prácticas corporales y una exploración consciente, recibirás el apoyo necesario para liberar la vergüenza, reconectar con tus límites y profundizar en la confianza en ti misma.

Te irás sintiéndote enraizada en tu cuerpo, segura en tu voz y abierta a recibir amor e intimidad con mayor presencia y profundidad.

📍 Almaíso · Tenerife
🗓 26–30 de marzo de 2026
🎟 Plazas limitadas

Por favor, regístrate a través de @thewildfem o visita thewildfem.com/retreat

#feminineretreat #womenempowerment #retreat #retreatcenter",0,"02/19/2026 10:01",https://www.instagram.com/p/DU8uStpDGym/,"IG carousel",,Lifetime,1855,23,7,7,5,835,1
17848625670646451,17841462002176953,almaiso.tenerife,"Almaíso at Finca El Drago","Holding a retreat at Casa Enna carries its own quiet magic, with the Practice Room ✨

Morning light on the floor.
The volcano in the distance.
The sea breathing below.

Practice feels different here.
Softer. Deeper.

Some spaces stay in the body
long after you leave.

—

Sostener un retiro en Casa Enna tiene su propia magia silenciosa, con la Sala de Prática ✨

La luz de la mañana sobre el suelo.
El volcán en la distancia.
El mar respirando abajo.

La práctica se siente diferente aquí.
Más suave. Más profunda.

Algunos espacios permanecen en el cuerpo
mucho tiempo después de que te vayas.
#retreat #retreatcente #yogashala #yoga #yogaroom",0,"02/16/2026 10:33",https://www.instagram.com/p/DU1Dki8jLUd/,"IG carousel",,Lifetime,1733,45,2,9,5,749,2
18097276709502173,17841462002176953,almaiso.tenerife,"Almaíso at Finca El Drago","Almaíso veggie box: fresh from the field to your plate. 🌱

Harvested straight from Almaíso Verde, our permaculture project dedicated to regenerating this land. Each veggie box is freshly picked by our team, grown organically with care, and lovingly delivered to our guests.

Curated by the season and guided by what is ready and thriving in the garden, the Almaíso Veggie Box follows the natural rhythm of the land.

Available to order on-site by our guests.
It doesn’t get much fresher than this 🥹

—

Veggie Box de Almaíso: del campo a tu plato. 🌱

Cosechado directamente de Almaíso Verde, nuestro proyecto de permacultura dedicado a regenerar esta tierra. Cada cesta de verduras se recoge a mano por nuestro equipo, se cultiva de forma orgánica con cuidado y se entrega con cariño a nuestros huéspedes.

Seleccionada según la temporada y guiada por lo que está listo y floreciendo en el huerto, la Veggie Box de Almaíso sigue el ritmo natural de la tierra.

Disponible para nuestros huéspedes.
Más fresco que esto, no se puede 🥹",21,"02/10/2026 10:28",https://www.instagram.com/reel/DUlmQrcDA4z/,"IG reel",,Lifetime,1373,48,4,6,2,823,3
18093386048059220,17841462002176953,almaiso.tenerife,"Almaíso at Finca El Drago","Journey Through Chakras - a Yoga & Adventure Retreat with Aga 🧘🏻‍♀️

This week-long immersive retreat is an invitation to slow down, reconnect and realign.

Through yoga, breath and mindful practices, each day explores a different energy centre, supporting clarity, balance and inner transformation.

Alongside the inner journey, we experience the natural beauty of Tenerife through gentle adventure, time in nature and shared moments of connection. A balanced rhythm of exploration and rest, depth and lightness.

🗓 April 1–7, 2026
📍 Tenerife · Almaíso
✨ Yoga · Chakras · Nature · Connection

For more information and bookings, visit @aga.tokarskaa or send a whatsapp message to +44 745 4616 122

—-

Journey Through Chakras · Retiro de Yoga y Aventura con Aga 🧘🏻‍♀️

Este retiro inmersivo de una semana es una invitación a bajar el ritmo, reconectar y realinearte.

A través del yoga, la respiración y prácticas conscientes, cada día explora un centro energético diferente, apoyando la claridad, el equilibrio y la transformación interior.

Junto al viaje interno, descubrimos la belleza natural de Tenerife mediante aventura suave, tiempo en la naturaleza y momentos compartidos de conexión. Un ritmo equilibrado entre exploración y descanso, profundidad y ligereza.

🗓 1–7 de abril de 2026
📍 Tenerife · Almaíso
✨ Yoga · Chakras · Naturaleza · Conexión

Para más información y reservas, visita @aga.tokarskaa o envía un mensaje por WhatsApp al +44 745 4616 122

#yoga #yogatenerife #retreat #retreatcenter",0,"02/06/2026 04:42",https://www.instagram.com/p/DUaraz-jOwC/,"IG carousel",,Lifetime,2014,33,0,2,4,754,0
17861762094592004,17841462002176953,almaiso.tenerife,"Almaíso at Finca El Drago","Our Yoga Hall invites people to connect, letting the body soften and the mind rest.

Here, connection happens quietly and joyfully.
Through breath, movement and presence.
Through the simple joy of being together.

For retreat leaders, everything is in place
to support the experiences you come to hold.

At Almaíso, we help create the conditions where connection feels natural and retreats unfold with ease.
Invite your community like @ahoraliving did here to share a beautiful moment with cacao and music 🤍

—-

Nuestra Sala de Yoga invita a conectar, permitiendo que el cuerpo se suavice
y que la mente descanse.

Aquí, la conexión sucede de forma silenciosa y alegre.
A través de la respiración, el movimiento y la presencia.
A través de la simple alegría de estar juntos.

Para quienes facilitan retiros, todo está dispuesto para acompañar las experiencias que vienen a sostener.

En Almaíso, ayudamos a crear las condiciones para que la conexión se sienta natural y los retiros se desarrollen con fluidez.
#retreatcenter #retreatleaders #yoga #yogatenerife",29,"02/03/2026 07:16",https://www.instagram.com/reel/DUTOioTDFpJ/,"IG reel",,Lifetime,2280,63,13,7,4,1231,5
18093913321790227,17841443632345798,ravimargayoga,"Ravi Marga Yoga | Yoga Alliance Registered School","Upcoming Yoga Teacher Trainings in Tenerife 🌊🕉️

Join us for a transformative Yoga Alliance certified journey in the magical setting of Tenerife. Held at the beautiful Finca Almaiso each retreat offers a unique opportunity to dive deep into yoga, sound healing, and self-discovery — surrounded by nature, silence, and the ocean breeze.

🗓️November 1–18, 2026",17,"02/03/2026 05:44",https://www.instagram.com/reel/DUTD6PUis_R/,"IG reel",,Lifetime,1285,70,5,0,0,,
18099101608810278,17841462002176953,almaiso.tenerife,"Almaíso at Finca El Drago","Full Moon Gathering at Almaíso 🌕

Under the light of the full moon, we gather to move, feel and connect.
This night welcomes a new voice to the island — Kia · @yogalibre___ , bringing her music, presence and sound into the circle.

An evening shaped by ritual, rhythm and togetherness.

🗓 Sunday · February 1, 2026
⏰ 17:30 – 22:30
📍 Almaíso · Finca El Drago
🎟 Limited tickets via @ahoraliving 

✨ Join the circle. Come as you are.

—
Encuentro de Luna Llena en Almaíso 🌕

Bajo la luz de la luna llena, nos reunimos para movernos, sentir y conectar.
Esta noche da la bienvenida a una nueva voz en la isla — Kia @yogalibre___ , trayendo su música, presencia y sonido al círculo.

Una velada moldeada por el ritual, el ritmo y la unión.

🗓 Domingo · 1 de febrero de 2026
⏰ 17:30 – 22:30
📍 Almaíso · Finca El Drago
🎟 Entradas limitadas vía @ahoraliving 

✨ Únete al círculo. Ven tal como eres.
#retreatcenter #fullmoon #fullmoonceremony #retreatleader",0,"01/30/2026 10:03",https://www.instagram.com/p/DUJOpClDNFk/,"IG carousel",,Lifetime,2518,27,3,9,2,878,1
18126104926552409,17841462002176953,almaiso.tenerife,"Almaíso at Finca El Drago","What if connection is what brings us home to ourselves?

Connection is one of the pillars of Almaíso.
Connection with yourself, with others, and with nature.

Moments of true connection are one of the greatest gifts a retreat can hold.

When people gather in this place and the space is gently held, something deeper begins to unfold.

Connection lives in presence and truth.
In moments of honest sharing, or simply in feeling.

In stillness and awareness, a subtle knowing appears:
I am seen.
I belong.
I am held by the people and the land around me.

I am home 💛

—-

¿Y si la conexión fuera lo que nos devuelve a casa, a nosotros mismos?

La conexión es uno de los pilares de Almaíso.
Conexión contigo, con los demás y con la naturaleza.

Los momentos de conexión auténtica son uno de los mayores regalos que puede ofrecer un retiro.
Cuando las personas se reúnen en este lugar y el espacio es sostenido con cuidado,
algo más profundo comienza a desplegarse.

La conexión vive en la presencia y en la verdad.
En momentos de compartir honesto,
o simplemente en el sentir.

En la quietud y la conciencia, aparece un saber sutil: Soy vista.
Pertenezco.
Estoy sostenida por las personas y la tierra que me rodean.

Estoy en casa 💛
#retreat #retreats #spirituality #retreatcenter #retreatcentrespain",24,"01/29/2026 04:12",https://www.instagram.com/reel/DUGBXq9DNKT/,"IG reel",,Lifetime,1997,29,7,4,1,1275,4
17959591235903916,17841453062216232,ahoraliving,"AHORA - THE ART OF LIVING","We are so excited to invite you to our upcoming Full Moon Celebration on Sunday 1st of February at the gorgeous @almaiso.tenerife (at Finca El Drago in La Orotava)🌕🐺✨

The Full Moon in Leo invites us to awaken our fire within, connect with our authentic expression, and shine our light unapologetically. 🦁✨

We are bringing in a new talent on the island and are very excited for you to meet Kia - @yogalibre___ (playing one of her original songs “Mariposa”). 🦋

You can check out her album on Spotify to get into the mood. 😏

The evening will be a complete experience with conscious connection games, a sacred cacao ceremony accompanied by a live concert, an ecstatic dance and a sound healing journey. 

You can find all the details on the program and more in the ticket link. ✨

🗓️ Sunday 1.2.26 
📍 Almaiso - Finca El Drago (La Orotava) 
⏰ 17:30 - 22.30 PM 
🎟️ Limited tickets, early birds until Wed 28th of January. 
🔗 Ticket link in bio

We would love to welcome you! 🫶🏻

#Tenerife #consciousevents #consciouseventstenerife #cacao #ecstaticdance",25,"01/27/2026 03:20",https://www.instagram.com/reel/DUAw2YTiKIe/,"IG reel",,Lifetime,12562,102,29,11,0,,
17966941380007654,17841462002176953,almaiso.tenerife,"Almaíso at Finca El Drago","Alma en Canto is a community singing circle held by the Almaíso community and gently guided by Pauline.

An open space to share voice and presence.
No performance, no pressure.
You are welcome to sing, listen or simply be.

🗓 Every Thursday. First circle: January 29
⏰ 19:00 - 20:30
📍 Almaíso · Finca El Drago
🎟 Tickets available via the link in our bio.

Come as you are.
The circle is open. 🎶✨

—

Alma en Canto es un círculo de canto comunitario
sostenido por la comunidad de Almaíso y guiado con delicadeza por Pauline.

Un espacio abierto para compartir la voz y la presencia.
Sin performance, sin presión.
Eres bienvenidx a cantar, escuchar o simplemente estar.

🗓 Todos los jueves. Primer círculo: 29 de enero
⏰ 19:00 – 20:30
📍 Almaíso · Finca El Drago
🎟 Entradas disponibles a través del enlace en nuestra bio

Ven tal como eres.
El círculo está abierto. 🎶✨
#retreat #kiran #retreatcenter #tenerife",0,"01/26/2026 03:14",https://www.instagram.com/p/DT-MoNQDFQf/,"IG carousel",,Lifetime,3217,64,12,9,3,1242,4
18039005744524879,17841462002176953,almaiso.tenerife,"Almaíso at Finca El Drago","Joy doesn’t grow in isolation.
It expands when we are surrounded by people and places that invite us to open, share and be fully present.

At Almaíso, joy unfolds naturally through connection, nature and shared experience.

—

La alegría no crece en aislamiento.
Se expande cuando estamos rodeados de personas y lugares que nos invitan a abrirnos, compartir y estar plenamente presentes.

En Almaíso, la alegría se despliega de forma natural
a través de la conexión, la naturaleza y la experiencia compartida.
#retreat #retreatcenter #retreatleader #staticdance",23,"01/21/2026 11:25",https://www.instagram.com/reel/DTyMuEMjPOT/,"IG reel",,Lifetime,2457,51,10,2,5,1341,3
17976165995813922,17841462002176953,almaiso.tenerife,"Almaíso at Finca El Drago","An invitation for women to embody their truth.

Through movement, rhythm and elemental guidance,
this retreat opens space for expression, presence
and deep reconnection with the self.

📍 Almaíso · Finca El Drago
📅 February 11–17, 2026
🗣 Session held in Germany and English

Please register via juttasteinbusch.de
Further details on how to find us will be shared after registration.

#retreat #retreatleader #womensupportingwomen #fincaeldrago",0,"01/18/2026 08:38",https://www.instagram.com/p/DTqLaFvDCV1/,"IG carousel",,Lifetime,1683,23,5,12,4,621,0
18382935703157751,17841462002176953,almaiso.tenerife,"Almaíso at Finca El Drago","A space that invites stillness and holds movement with care.

Our Yoga Hall carries a calm, grounded energy,
opened to wide ocean views that support focus, presence and a deeper sense of concentration. 

Thoughtfully designed and fully equipped,
the space offers natural ease and clarity
for the work you come to share at Almaíso.

A wall of mirrors can gently disappear behind curtains,
allowing the room to shift with each practice and intention.

Everything is in place, waiting to support
movement, stillness and ceremony alike.

If you feel called to open your retreat in this space,
it is ready to receive what you wish to hold and guide. ✨

—-

Un espacio que invita a la quietud y sostiene el movimiento con cuidado.

Nuestra Sala de Yoga transmite una energía calma y enraizada, abierta a amplias vistas al océano que favorecen el enfoque, la presencia y una sensación más profunda de concentración.

Diseñada con intención y totalmente equipada,
el espacio ofrece fluidez y claridad natural
para el trabajo que vienes a compartir en Almaíso.

Una pared de espejos puede desaparecer suavemente tras cortinas,
permitiendo que la sala se transforme con cada práctica e intención.

Todo está en su lugar, esperando acompañar
el movimiento, la quietud y la ceremonia por igual.

Si sientes el llamado a abrir tu retiro en este espacio,
está listo para recibir aquello que deseas sostener y guiar. ✨
#retreatcenter #tenerife #teneriffa #yoga #yogagram",15,"01/14/2026 10:57",https://www.instagram.com/reel/DTgHuvTDJIx/,"IG reel",,Lifetime,2470,96,8,5,16,1358,10
18182430886366421,17841462002176953,almaiso.tenerife,"Almaíso at Finca El Drago","Breathwork Healing Circle with @nicolarohner.breathwork 

An invitation to return to your breath and remember its quiet yet powerful impact on your body, mind, and soul.

At Almaíso, this circle unfolds in a calm, nature-held space, where conscious connected breathing, movement, intention, and sound open an intimate space for release, clarity, and inner transformation.

📍 Almaíso · Finca El Drago
🗓 Every first Saturday of the month
🗣 Session held in English

Please register via @nicolarohner.breathwork 
Further details on how to find us will be shared after registration.

—

Círculo de Sanación con Respiración con @nicolarohner.breathwork 

Una invitación a volver a tu respiración
y recordar su impacto silencioso y poderoso
en tu cuerpo, mente y alma.

En Almaíso, este círculo se despliega en un espacio tranquilo, sostenido por la naturaleza, donde la respiración consciente conectada, el movimiento, la intención y el sonido abren un espacio íntimo para la liberación, la claridad y la transformación interior.

📍 Almaíso · Finca El Drago
🗓 Cada primer sábado del mes
🗣 Sesión impartida en inglés

Por favor, inscríbete a través de @nicolarohner.breathwork
Los detalles sobre cómo llegar se compartirán tras la inscripción.

#retreatcenter #retreatleader #spirituality #breathworkhealing",0,"01/11/2026 05:00",https://www.instagram.com/p/DTXw1H9DOoT/,"IG carousel",,Lifetime,1442,20,3,4,2,607,0
18381013933155952,17841458665026585,the.conscious.events,"Co~Nectar • Conscious Festival Tenerife","A new year opens. ✨

We step into it with a clear intention:
to slow down, feel deeper and create spaces where we meet ourselves and other with presence.

For this new year, we wish you to be in spaces where you could find connection as nourishment, experience as medicine, and the body as a place of truth.
What we cultivate together doesn’t end with a festival — it continues in how we live, relate, and choose.

May this year invite more listening, more honesty, and more embodied connection.
May we keep choosing depth over noise, and presence over rush.

This is Co~Nectar.
And the journey continues. 🌿",59,"01/02/2026 05:19",https://www.instagram.com/reel/DTAnyL8iIAl/,"IG reel",,Lifetime,2311,72,3,5,0,,
18108532552652130,17841462002176953,almaiso.tenerife,"Almaíso at Finca El Drago","A new year opens a new cycle.
A moment to plant seeds, lay foundations and trust the quiet work of regeneration.
May what we nurture today transform the days ahead. 🌱✨

—

Un nuevo año abre un nuevo ciclo.
Un momento para sembrar semillas, sentar las bases y confiar en el trabajo silencioso de la regeneración.
Que lo que cultivamos hoy transforme los días que vienen. 🌱✨

 #retreat #retreatcenter #permaculture",21,"01/01/2026 03:28",https://www.instagram.com/reel/DS92Ea0DPpG/,"IG reel",,Lifetime,1944,35,3,0,3,1196,1
