"Post ID","Account ID","Account username","Account name",Description,"Duration (sec)","Publish time",Permalink,"Post type","Data comment",Date,Views,Reach,Likes,Shares,"Profile visits",Replies,Navigation,"Link clicks"
17879226441604873,17841462002176953,almaiso.tenerife,"Almaíso at Finca El Drago",@brahmakiyoga,60,"06/01/2026 01:47",https://www.instagram.com/stories/almaiso.tenerife/3909792340818025426,"IG story",,Lifetime,115,87,3,0,1,0,103,
18109878862987598,17841462002176953,almaiso.tenerife,"Almaíso at Finca El Drago",,0,"06/30/2026 02:12",https://www.instagram.com/stories/almaiso.tenerife/3930824012044917553,"IG story",,Lifetime,93,79,0,0,1,1,82,3
18103394669152247,17841462002176953,almaiso.tenerife,"Almaíso at Finca El Drago",,0,"06/30/2026 02:10",https://www.instagram.com/stories/almaiso.tenerife/3930822898289314187,"IG story",,Lifetime,96,82,0,0,,0,87,
17946085593240689,17841462002176953,almaiso.tenerife,"Almaíso at Finca El Drago",,0,"06/30/2026 02:10",https://www.instagram.com/stories/almaiso.tenerife/3930822896049601637,"IG story",,Lifetime,99,84,1,0,,0,91,
18025331330839931,17841462002176953,almaiso.tenerife,"Almaíso at Finca El Drago",,0,"06/30/2026 02:10",https://www.instagram.com/stories/almaiso.tenerife/3930822897081442755,"IG story",,Lifetime,96,85,0,0,,0,87,
18087393911120491,17841462002176953,almaiso.tenerife,"Almaíso at Finca El Drago",,0,"06/30/2026 02:10",https://www.instagram.com/stories/almaiso.tenerife/3930822728235502858,"IG story",,Lifetime,101,86,2,0,,0,90,
17952862881190104,17841462002176953,almaiso.tenerife,"Almaíso at Finca El Drago",,0,"06/30/2026 02:10",https://www.instagram.com/stories/almaiso.tenerife/3930822726792724245,"IG story",,Lifetime,103,88,1,0,,0,91,
17904142047446767,17841462002176953,almaiso.tenerife,"Almaíso at Finca El Drago",,0,"06/30/2026 02:10",https://www.instagram.com/stories/almaiso.tenerife/3930822725291152707,"IG story",,Lifetime,104,88,2,0,,0,92,
17981642060861158,17841462002176953,almaiso.tenerife,"Almaíso at Finca El Drago",,0,"06/30/2026 02:10",https://www.instagram.com/stories/almaiso.tenerife/3930822723730844044,"IG story",,Lifetime,109,89,0,0,1,0,99,
18120967513705681,17841462002176953,almaiso.tenerife,"Almaíso at Finca El Drago",,0,"06/30/2026 02:09",https://www.instagram.com/stories/almaiso.tenerife/3930822281508633089,"IG story",,Lifetime,119,93,1,0,,0,109,
17931985020344089,17841462002176953,almaiso.tenerife,"Almaíso at Finca El Drago",,0,"06/30/2026 02:09",https://www.instagram.com/stories/almaiso.tenerife/3930822278195168006,"IG story",,Lifetime,125,93,2,0,,0,114,
18419481457179459,17841462002176953,almaiso.tenerife,"Almaíso at Finca El Drago",,0,"06/30/2026 02:09",https://www.instagram.com/stories/almaiso.tenerife/3930822279864484735,"IG story",,Lifetime,125,97,1,0,1,1,109,
18094641074611581,17841462002176953,almaiso.tenerife,"Almaíso at Finca El Drago",,0,"06/30/2026 02:09",https://www.instagram.com/stories/almaiso.tenerife/3930822277591172210,"IG story",,Lifetime,116,98,2,0,,0,103,
18109719521482160,17841462002176953,almaiso.tenerife,"Almaíso at Finca El Drago",,0,"06/30/2026 02:09",https://www.instagram.com/stories/almaiso.tenerife/3930822275921754312,"IG story",,Lifetime,126,103,1,0,,0,105,
18597405127056685,17841462002176953,almaiso.tenerife,"Almaíso at Finca El Drago",,20,"06/30/2026 02:08",https://www.instagram.com/stories/almaiso.tenerife/3930821969024390163,"IG story",,Lifetime,467,330,4,1,,0,111,
18165745933450533,17841462002176953,almaiso.tenerife,"Almaíso at Finca El Drago",,51,"06/27/2026 04:54",https://www.instagram.com/stories/almaiso.tenerife/3928731121583452418,"IG story",,Lifetime,165,147,5,0,,0,150,
18608859379033963,17841462002176953,almaiso.tenerife,"Almaíso at Finca El Drago",,10,"06/24/2026 01:37",https://www.instagram.com/stories/almaiso.tenerife/3926457926029442715,"IG story",,Lifetime,196,148,5,0,1,0,129,
17920686582162280,17841462002176953,almaiso.tenerife,"Almaíso at Finca El Drago",,15,"06/19/2026 08:42",https://www.instagram.com/stories/almaiso.tenerife/3923047673485897829,"IG story",,Lifetime,94,69,2,0,4,0,81,
18094026755206092,17841462002176953,almaiso.tenerife,"Almaíso at Finca El Drago",,0,"06/18/2026 09:18",https://www.instagram.com/stories/almaiso.tenerife/3922341278900101173,"IG story",,Lifetime,96,83,2,0,,0,82,1
18016258883894518,17841462002176953,almaiso.tenerife,"Almaíso at Finca El Drago",,0,"06/18/2026 09:16",https://www.instagram.com/stories/almaiso.tenerife/3922339913243185016,"IG story",,Lifetime,97,85,2,0,,0,82,
17928077451341810,17841462002176953,almaiso.tenerife,"Almaíso at Finca El Drago",,0,"06/18/2026 09:16",https://www.instagram.com/stories/almaiso.tenerife/3922339914266631015,"IG story",,Lifetime,100,86,0,0,,0,86,
17920780146166599,17841462002176953,almaiso.tenerife,"Almaíso at Finca El Drago",,0,"06/18/2026 09:16",https://www.instagram.com/stories/almaiso.tenerife/3922339915919097353,"IG story",,Lifetime,98,87,1,0,,0,80,
18011055158858061,17841462002176953,almaiso.tenerife,"Almaíso at Finca El Drago",,0,"06/18/2026 09:14",https://www.instagram.com/stories/almaiso.tenerife/3922339235284360273,"IG story",,Lifetime,101,89,2,0,1,0,83,
18109121233813894,17841462002176953,almaiso.tenerife,"Almaíso at Finca El Drago",,0,"06/18/2026 09:14",https://www.instagram.com/stories/almaiso.tenerife/3922339234218986945,"IG story",,Lifetime,100,89,1,0,,0,80,
18104920196001218,17841462002176953,almaiso.tenerife,"Almaíso at Finca El Drago",,0,"06/18/2026 09:14",https://www.instagram.com/stories/almaiso.tenerife/3922339122935550975,"IG story",,Lifetime,101,90,0,0,,0,82,
18419174668179748,17841462002176953,almaiso.tenerife,"Almaíso at Finca El Drago",,0,"06/18/2026 09:14",https://www.instagram.com/stories/almaiso.tenerife/3922338988189346162,"IG story",,Lifetime,108,91,1,0,,0,89,
18140180533545027,17841462002176953,almaiso.tenerife,"Almaíso at Finca El Drago",,0,"06/18/2026 09:12",https://www.instagram.com/stories/almaiso.tenerife/3922338191237982669,"IG story",,Lifetime,109,92,1,0,,0,91,
18393991069095339,17841462002176953,almaiso.tenerife,"Almaíso at Finca El Drago",,0,"06/18/2026 09:12",https://www.instagram.com/stories/almaiso.tenerife/3922338189207966266,"IG story",,Lifetime,104,94,2,0,,0,83,
17951400377997286,17841462002176953,almaiso.tenerife,"Almaíso at Finca El Drago",,0,"06/18/2026 09:12",https://www.instagram.com/stories/almaiso.tenerife/3922338190172620835,"IG story",,Lifetime,108,99,0,0,,0,84,
18091376555618792,17841462002176953,almaiso.tenerife,"Almaíso at Finca El Drago",,0,"06/18/2026 09:12",https://www.instagram.com/stories/almaiso.tenerife/3922338187362461064,"IG story",,Lifetime,114,106,3,0,,0,90,
18078561872269141,17841462002176953,almaiso.tenerife,"Almaíso at Finca El Drago",,0,"06/18/2026 09:12",https://www.instagram.com/stories/almaiso.tenerife/3922338098644544842,"IG story",,Lifetime,127,113,1,0,,0,94,
18122100970662954,17841462002176953,almaiso.tenerife,"Almaíso at Finca El Drago",,20,"06/18/2026 09:12",https://www.instagram.com/stories/almaiso.tenerife/3922337941464859680,"IG story",,Lifetime,144,114,4,0,1,0,105,
18011975207720372,17841462002176953,almaiso.tenerife,"Almaíso at Finca El Drago",,7,"06/17/2026 10:27",https://www.instagram.com/stories/almaiso.tenerife/3921650889428853291,"IG story",,Lifetime,87,70,1,0,,0,61,
18540332971072251,17841462002176953,almaiso.tenerife,"Almaíso at Finca El Drago",,6,"06/16/2026 07:31",https://www.instagram.com/stories/almaiso.tenerife/3920837487333474670,"IG story",,Lifetime,106,84,3,0,2,0,84,
17913314799407163,17841462002176953,almaiso.tenerife,"Almaíso at Finca El Drago",,6,"06/15/2026 03:50",https://www.instagram.com/stories/almaiso.tenerife/3920001830955827348,"IG story",,Lifetime,127,98,3,0,3,0,99,
18104936495284258,17841462002176953,almaiso.tenerife,"Almaíso at Finca El Drago",,11,"06/14/2026 01:56",https://www.instagram.com/stories/almaiso.tenerife/3919219471541088398,"IG story",,Lifetime,175,129,3,0,2,0,144,
18108720644475565,17841462002176953,almaiso.tenerife,"Almaíso at Finca El Drago",,9,"06/14/2026 01:55",https://www.instagram.com/stories/almaiso.tenerife/3919218947471200505,"IG story",,Lifetime,482,365,13,2,2,0,147,
18114805198852262,17841462002176953,almaiso.tenerife,"Almaíso at Finca El Drago",,22,"06/12/2026 02:45",https://www.instagram.com/stories/almaiso.tenerife/3917794546741718781,"IG story",,Lifetime,244,191,5,1,,1,91,
18102554360035840,17841462002176953,almaiso.tenerife,"Almaíso at Finca El Drago",,20,"06/10/2026 09:14",https://www.instagram.com/stories/almaiso.tenerife/3916540910480941555,"IG story",,Lifetime,135,101,0,0,,0,116,
18103622027045115,17841462002176953,almaiso.tenerife,"Almaíso at Finca El Drago",,19,"06/10/2026 09:13",https://www.instagram.com/stories/almaiso.tenerife/3916540161168545941,"IG story",,Lifetime,154,116,2,0,1,0,109,8
17964679770109474,17841462002176953,almaiso.tenerife,"Almaíso at Finca El Drago",,15,"06/10/2026 09:10",https://www.instagram.com/stories/almaiso.tenerife/3916538999648301335,"IG story",,Lifetime,156,122,6,0,1,0,104,
18356746951240511,17841462002176953,almaiso.tenerife,"Almaíso at Finca El Drago",,0,"06/07/2026 13:38",https://www.instagram.com/stories/almaiso.tenerife/3914499501829663912,"IG story",,Lifetime,166,128,2,0,2,2,134,
17947828011206541,17841462002176953,almaiso.tenerife,"Almaíso at Finca El Drago",,0,"06/07/2026 10:51",https://www.instagram.com/stories/almaiso.tenerife/3914415394055729805,"IG story",,Lifetime,195,157,4,0,,0,170,
17955523548140781,17841462002176953,almaiso.tenerife,"Almaíso at Finca El Drago",,20,"06/07/2026 10:51",https://www.instagram.com/stories/almaiso.tenerife/3914415054845400537,"IG story",,Lifetime,205,163,1,0,1,0,191,
17966247105106445,17841462002176953,almaiso.tenerife,"Almaíso at Finca El Drago","Women’s circle 
  at Almaiso 💕🎶",22,"06/07/2026 10:49",https://www.instagram.com/stories/almaiso.tenerife/3914413953412808518,"IG story",,Lifetime,244,191,15,0,1,1,187,
18110074006899934,17841462002176953,almaiso.tenerife,"Almaíso at Finca El Drago","Our favorite view 🥰",9,"06/04/2026 11:14",https://www.instagram.com/stories/almaiso.tenerife/3912252304383856867,"IG story",,Lifetime,184,151,3,0,,0,147,
17892788064490057,17841462002176953,almaiso.tenerife,"Almaíso at Finca El Drago",,32,"06/03/2026 09:34",https://www.instagram.com/stories/almaiso.tenerife/3911477201643542464,"IG story",,Lifetime,100,81,6,0,1,1,88,
18329156485253632,17841462002176953,almaiso.tenerife,"Almaíso at Finca El Drago",,0,"06/03/2026 05:22",https://www.instagram.com/stories/almaiso.tenerife/3911350847170284743,"IG story",,Lifetime,127,85,7,0,,0,103,
